<?xml version="1.0" encoding="UTF-8"?>
<root>
  <item name="com.linktop.constant.Constants.ECGAlgoKey">
    <annotation name="androidx.annotation.IntDef">
      <val name="value" val="{com.linktop.constant.Constants.ECG_KEY_HEART_AGE, com.linktop.constant.Constants.ECG_KEY_HEART_RATE, com.linktop.constant.Constants.ECG_KEY_HRV, com.linktop.constant.Constants.ECG_KEY_HRV_FD, com.linktop.constant.Constants.ECG_KEY_HRV_TD, com.linktop.constant.Constants.ECG_KEY_MOOD, com.linktop.constant.Constants.ECG_KEY_RESPIRATORY_RATE, com.linktop.constant.Constants.ECG_KEY_SMOOTH, com.linktop.constant.Constants.ECG_KEY_STRESS}" />
    </annotation>
  </item>
  <item name="com.linktop.constant.Constants.ECGKey">
    <annotation name="androidx.annotation.IntDef">
      <val name="value" val="{com.linktop.constant.Constants.ECG_KEY_HEART_AGE, com.linktop.constant.Constants.ECG_KEY_HEART_BEAT, com.linktop.constant.Constants.ECG_KEY_HEART_RATE, com.linktop.constant.Constants.ECG_KEY_HRV, com.linktop.constant.Constants.ECG_KEY_MOOD, com.linktop.constant.Constants.ECG_KEY_RESPIRATORY_RATE, com.linktop.constant.Constants.ECG_KEY_R2R, com.linktop.constant.Constants.ECG_KEY_ROBUST_HR, com.linktop.constant.Constants.ECG_KEY_STRESS}" />
    </annotation>
  </item>
  <item name="com.linktop.constant.Constants.ECGSignalQuality">
    <annotation name="androidx.annotation.IntDef">
      <val name="value" val="{com.linktop.constant.Constants.ECG_SQ_GOOD, com.linktop.constant.Constants.ECG_SQ_MEDIUM, com.linktop.constant.Constants.ECG_SQ_POOR, com.linktop.constant.Constants.ECG_SQ_NOT_DETECTED}" />
    </annotation>
  </item>
  <item name="com.linktop.constant.Constants.ECGStressLevel">
    <annotation name="androidx.annotation.IntDef">
      <val name="value" val="{com.linktop.constant.Constants.ECG_STRESS_LEVEL_INVALID, com.linktop.constant.Constants.ECG_STRESS_LEVEL_NO, com.linktop.constant.Constants.ECG_STRESS_LEVEL_LOW, com.linktop.constant.Constants.ECG_STRESS_LEVEL_MEDIUM, com.linktop.constant.Constants.ECG_STRESS_LEVEL_HIGH, com.linktop.constant.Constants.ECG_STRESS_LEVEL_VERY_HIGH}" />
    </annotation>
  </item>
  <item name="com.linktop.constant.Constants.PPGSamplingRate">
    <annotation name="androidx.annotation.IntDef">
      <val name="value" val="{com.linktop.constant.Constants.SAMPLING_RATE_125_HZ, com.linktop.constant.Constants.SAMPLING_RATE_250_HZ, com.linktop.constant.Constants.SAMPLING_RATE_500_HZ}" />
    </annotation>
  </item>
  <item name="com.linktop.constant.TestPaper TestPaper(java.lang.String, java.lang.String) 0">
    <annotation name="androidx.annotation.StringDef">
      <val name="value" val="{com.linktop.constant.TestPaper.Manufacturer.BENE_CHECK, com.linktop.constant.TestPaper.Manufacturer.HMD, com.linktop.constant.TestPaper.Manufacturer.YI_CHENG}" />
    </annotation>
  </item>
  <item name="com.linktop.constant.TestPaper TestPaper(java.lang.String, java.lang.String) 1">
    <annotation name="androidx.annotation.StringDef">
      <val name="value" val="{com.linktop.constant.TestPaper.Code.CHECK3, com.linktop.constant.TestPaper.Code.C00, com.linktop.constant.TestPaper.Code.C01, com.linktop.constant.TestPaper.Code.C02, com.linktop.constant.TestPaper.Code.C03, com.linktop.constant.TestPaper.Code.C04, com.linktop.constant.TestPaper.Code.C05, com.linktop.constant.TestPaper.Code.C06, com.linktop.constant.TestPaper.Code.C07, com.linktop.constant.TestPaper.Code.C08, com.linktop.constant.TestPaper.Code.C09, com.linktop.constant.TestPaper.Code.C10, com.linktop.constant.TestPaper.Code.C11, com.linktop.constant.TestPaper.Code.C12, com.linktop.constant.TestPaper.Code.C13, com.linktop.constant.TestPaper.Code.C14, com.linktop.constant.TestPaper.Code.C15, com.linktop.constant.TestPaper.Code.C16, com.linktop.constant.TestPaper.Code.C17, com.linktop.constant.TestPaper.Code.C18, com.linktop.constant.TestPaper.Code.C19, com.linktop.constant.TestPaper.Code.C20, com.linktop.constant.TestPaper.Code.C21, com.linktop.constant.TestPaper.Code.C22, com.linktop.constant.TestPaper.Code.C23, com.linktop.constant.TestPaper.Code.C24, com.linktop.constant.TestPaper.Code.C25, com.linktop.constant.TestPaper.Code.C26, com.linktop.constant.TestPaper.Code.C27, com.linktop.constant.TestPaper.Code.C28, com.linktop.constant.TestPaper.Code.C29, com.linktop.constant.TestPaper.Code.C30, com.linktop.constant.TestPaper.Code.C31, com.linktop.constant.TestPaper.Code.C32, com.linktop.constant.TestPaper.Code.C33, com.linktop.constant.TestPaper.Code.C34, com.linktop.constant.TestPaper.Code.C35, com.linktop.constant.TestPaper.Code._9CC3, com.linktop.constant.TestPaper.Code.b0f3, com.linktop.constant.TestPaper.Code.C3E2, com.linktop.constant.TestPaper.Code.C5F2, com.linktop.constant.TestPaper.Code.b141}" />
    </annotation>
  </item>
  <item name="com.linktop.constant.TestPaper com.linktop.constant.TestPaper create(java.lang.String, java.lang.String) 0">
    <annotation name="androidx.annotation.StringDef">
      <val name="value" val="{com.linktop.constant.TestPaper.Manufacturer.BENE_CHECK, com.linktop.constant.TestPaper.Manufacturer.HMD, com.linktop.constant.TestPaper.Manufacturer.YI_CHENG}" />
    </annotation>
  </item>
  <item name="com.linktop.constant.TestPaper com.linktop.constant.TestPaper create(java.lang.String, java.lang.String) 1">
    <annotation name="androidx.annotation.StringDef">
      <val name="value" val="{com.linktop.constant.TestPaper.Code.CHECK3, com.linktop.constant.TestPaper.Code.C00, com.linktop.constant.TestPaper.Code.C01, com.linktop.constant.TestPaper.Code.C02, com.linktop.constant.TestPaper.Code.C03, com.linktop.constant.TestPaper.Code.C04, com.linktop.constant.TestPaper.Code.C05, com.linktop.constant.TestPaper.Code.C06, com.linktop.constant.TestPaper.Code.C07, com.linktop.constant.TestPaper.Code.C08, com.linktop.constant.TestPaper.Code.C09, com.linktop.constant.TestPaper.Code.C10, com.linktop.constant.TestPaper.Code.C11, com.linktop.constant.TestPaper.Code.C12, com.linktop.constant.TestPaper.Code.C13, com.linktop.constant.TestPaper.Code.C14, com.linktop.constant.TestPaper.Code.C15, com.linktop.constant.TestPaper.Code.C16, com.linktop.constant.TestPaper.Code.C17, com.linktop.constant.TestPaper.Code.C18, com.linktop.constant.TestPaper.Code.C19, com.linktop.constant.TestPaper.Code.C20, com.linktop.constant.TestPaper.Code.C21, com.linktop.constant.TestPaper.Code.C22, com.linktop.constant.TestPaper.Code.C23, com.linktop.constant.TestPaper.Code.C24, com.linktop.constant.TestPaper.Code.C25, com.linktop.constant.TestPaper.Code.C26, com.linktop.constant.TestPaper.Code.C27, com.linktop.constant.TestPaper.Code.C28, com.linktop.constant.TestPaper.Code.C29, com.linktop.constant.TestPaper.Code.C30, com.linktop.constant.TestPaper.Code.C31, com.linktop.constant.TestPaper.Code.C32, com.linktop.constant.TestPaper.Code.C33, com.linktop.constant.TestPaper.Code.C34, com.linktop.constant.TestPaper.Code.C35, com.linktop.constant.TestPaper.Code._9CC3, com.linktop.constant.TestPaper.Code.b0f3, com.linktop.constant.TestPaper.Code.C3E2, com.linktop.constant.TestPaper.Code.C5F2, com.linktop.constant.TestPaper.Code.b141}" />
    </annotation>
  </item>
  <item name="com.linktop.constant.TestPaper java.lang.String getCode()">
    <annotation name="androidx.annotation.StringDef">
      <val name="value" val="{com.linktop.constant.TestPaper.Code.CHECK3, com.linktop.constant.TestPaper.Code.C00, com.linktop.constant.TestPaper.Code.C01, com.linktop.constant.TestPaper.Code.C02, com.linktop.constant.TestPaper.Code.C03, com.linktop.constant.TestPaper.Code.C04, com.linktop.constant.TestPaper.Code.C05, com.linktop.constant.TestPaper.Code.C06, com.linktop.constant.TestPaper.Code.C07, com.linktop.constant.TestPaper.Code.C08, com.linktop.constant.TestPaper.Code.C09, com.linktop.constant.TestPaper.Code.C10, com.linktop.constant.TestPaper.Code.C11, com.linktop.constant.TestPaper.Code.C12, com.linktop.constant.TestPaper.Code.C13, com.linktop.constant.TestPaper.Code.C14, com.linktop.constant.TestPaper.Code.C15, com.linktop.constant.TestPaper.Code.C16, com.linktop.constant.TestPaper.Code.C17, com.linktop.constant.TestPaper.Code.C18, com.linktop.constant.TestPaper.Code.C19, com.linktop.constant.TestPaper.Code.C20, com.linktop.constant.TestPaper.Code.C21, com.linktop.constant.TestPaper.Code.C22, com.linktop.constant.TestPaper.Code.C23, com.linktop.constant.TestPaper.Code.C24, com.linktop.constant.TestPaper.Code.C25, com.linktop.constant.TestPaper.Code.C26, com.linktop.constant.TestPaper.Code.C27, com.linktop.constant.TestPaper.Code.C28, com.linktop.constant.TestPaper.Code.C29, com.linktop.constant.TestPaper.Code.C30, com.linktop.constant.TestPaper.Code.C31, com.linktop.constant.TestPaper.Code.C32, com.linktop.constant.TestPaper.Code.C33, com.linktop.constant.TestPaper.Code.C34, com.linktop.constant.TestPaper.Code.C35, com.linktop.constant.TestPaper.Code._9CC3, com.linktop.constant.TestPaper.Code.b0f3, com.linktop.constant.TestPaper.Code.C3E2, com.linktop.constant.TestPaper.Code.C5F2, com.linktop.constant.TestPaper.Code.b141}" />
    </annotation>
  </item>
  <item name="com.linktop.constant.TestPaper java.lang.String getManufacturer()">
    <annotation name="androidx.annotation.StringDef">
      <val name="value" val="{com.linktop.constant.TestPaper.Manufacturer.BENE_CHECK, com.linktop.constant.TestPaper.Manufacturer.HMD, com.linktop.constant.TestPaper.Manufacturer.YI_CHENG}" />
    </annotation>
  </item>
  <item name="com.linktop.constant.TestPaper.Code java.lang.String[] values(java.lang.String, int) 0">
    <annotation name="androidx.annotation.StringDef">
      <val name="value" val="{com.linktop.constant.TestPaper.Manufacturer.BENE_CHECK, com.linktop.constant.TestPaper.Manufacturer.HMD, com.linktop.constant.TestPaper.Manufacturer.YI_CHENG}" />
    </annotation>
  </item>
  <item name="com.linktop.constant.TestPaper.Code.Value">
    <annotation name="androidx.annotation.StringDef">
      <val name="value" val="{com.linktop.constant.TestPaper.Code.CHECK3, com.linktop.constant.TestPaper.Code.C00, com.linktop.constant.TestPaper.Code.C01, com.linktop.constant.TestPaper.Code.C02, com.linktop.constant.TestPaper.Code.C03, com.linktop.constant.TestPaper.Code.C04, com.linktop.constant.TestPaper.Code.C05, com.linktop.constant.TestPaper.Code.C06, com.linktop.constant.TestPaper.Code.C07, com.linktop.constant.TestPaper.Code.C08, com.linktop.constant.TestPaper.Code.C09, com.linktop.constant.TestPaper.Code.C10, com.linktop.constant.TestPaper.Code.C11, com.linktop.constant.TestPaper.Code.C12, com.linktop.constant.TestPaper.Code.C13, com.linktop.constant.TestPaper.Code.C14, com.linktop.constant.TestPaper.Code.C15, com.linktop.constant.TestPaper.Code.C16, com.linktop.constant.TestPaper.Code.C17, com.linktop.constant.TestPaper.Code.C18, com.linktop.constant.TestPaper.Code.C19, com.linktop.constant.TestPaper.Code.C20, com.linktop.constant.TestPaper.Code.C21, com.linktop.constant.TestPaper.Code.C22, com.linktop.constant.TestPaper.Code.C23, com.linktop.constant.TestPaper.Code.C24, com.linktop.constant.TestPaper.Code.C25, com.linktop.constant.TestPaper.Code.C26, com.linktop.constant.TestPaper.Code.C27, com.linktop.constant.TestPaper.Code.C28, com.linktop.constant.TestPaper.Code.C29, com.linktop.constant.TestPaper.Code.C30, com.linktop.constant.TestPaper.Code.C31, com.linktop.constant.TestPaper.Code.C32, com.linktop.constant.TestPaper.Code.C33, com.linktop.constant.TestPaper.Code.C34, com.linktop.constant.TestPaper.Code.C35, com.linktop.constant.TestPaper.Code._9CC3, com.linktop.constant.TestPaper.Code.b0f3, com.linktop.constant.TestPaper.Code.C3E2, com.linktop.constant.TestPaper.Code.C5F2, com.linktop.constant.TestPaper.Code.b141}" />
    </annotation>
  </item>
  <item name="com.linktop.constant.TestPaper.Manufacturer int indexOf(java.lang.String) 0">
    <annotation name="androidx.annotation.StringDef">
      <val name="value" val="{com.linktop.constant.TestPaper.Manufacturer.BENE_CHECK, com.linktop.constant.TestPaper.Manufacturer.HMD, com.linktop.constant.TestPaper.Manufacturer.YI_CHENG}" />
    </annotation>
  </item>
  <item name="com.linktop.constant.TestPaper.Manufacturer.Name">
    <annotation name="androidx.annotation.StringDef">
      <val name="value" val="{com.linktop.constant.TestPaper.Manufacturer.BENE_CHECK, com.linktop.constant.TestPaper.Manufacturer.HMD, com.linktop.constant.TestPaper.Manufacturer.YI_CHENG}" />
    </annotation>
  </item>
  <item name="com.linktop.constant.UserDataType">
    <annotation name="androidx.annotation.IntDef">
      <val name="value" val="{com.linktop.constant.UserDataType.SEX, com.linktop.constant.UserDataType.AGE, com.linktop.constant.UserDataType.HEIGHT, com.linktop.constant.UserDataType.WEIGHT}" />
    </annotation>
  </item>
  <item name="com.linktop.constant.WareType">
    <annotation name="androidx.annotation.IntDef">
      <val name="value" val="{com.linktop.constant.WareType.VER_FIRMWARE, com.linktop.constant.WareType.VER_HARDWARE, com.linktop.constant.WareType.VER_SOFTWARE}" />
    </annotation>
  </item>
</root>

