<?xml version="1.0" encoding="UTF-8"?>
<root>
  <item name="com.linktop.whealthService.MeasureType">
    <annotation name="androidx.annotation.IntDef">
      <val name="value" val="{com.linktop.whealthService.MeasureType.BP, com.linktop.whealthService.MeasureType.BT, com.linktop.whealthService.MeasureType.BG, com.linktop.whealthService.MeasureType.SPO2, com.linktop.whealthService.MeasureType.ECG, com.linktop.whealthService.MeasureType.HRV, com.linktop.whealthService.MeasureType.UA, com.linktop.whealthService.MeasureType.CHOL}" />
    </annotation>
  </item>
  <item name="com.linktop.whealthService.OnBLEService mDeviceType">
    <annotation name="androidx.annotation.StringDef">
      <val name="value" val="{com.linktop.DeviceType.HealthMonitor, com.linktop.DeviceType.Thermometer}" />
    </annotation>
  </item>
  <item name="com.linktop.whealthService.OnBLEService void getDevWareVersion(int) 0">
    <annotation name="androidx.annotation.IntDef">
      <val name="value" val="{com.linktop.constant.WareType.VER_FIRMWARE, com.linktop.constant.WareType.VER_HARDWARE, com.linktop.constant.WareType.VER_SOFTWARE}" />
    </annotation>
  </item>
  <item name="com.linktop.whealthService.OnBLEService void initTask(java.lang.String, com.linktop.whealthService.OnBLEService.OnSDKThrowableCallback) 0">
    <annotation name="androidx.annotation.StringDef">
      <val name="value" val="{com.linktop.DeviceType.HealthMonitor, com.linktop.DeviceType.Thermometer}" />
    </annotation>
  </item>
</root>

