<?xml version="1.0" encoding="UTF-8"?>
<root>
  <item name="com.linktop.DeviceType">
    <annotation name="androidx.annotation.StringDef">
      <val name="value" val="{com.linktop.DeviceType.HealthMonitor, com.linktop.DeviceType.Thermometer}" />
    </annotation>
  </item>
  <item name="com.linktop.MonitorDataTransmission mDeviceType">
    <annotation name="androidx.annotation.StringDef">
      <val name="value" val="{com.linktop.DeviceType.HealthMonitor, com.linktop.DeviceType.Thermometer}" />
    </annotation>
  </item>
  <item name="com.linktop.MonitorDataTransmission mType">
    <annotation name="androidx.annotation.IntDef">
      <val name="value" val="{com.linktop.whealthService.MeasureType.BP, com.linktop.whealthService.MeasureType.BT, com.linktop.whealthService.MeasureType.BG, com.linktop.whealthService.MeasureType.SPO2, com.linktop.whealthService.MeasureType.ECG, com.linktop.whealthService.MeasureType.HRV, com.linktop.whealthService.MeasureType.UA, com.linktop.whealthService.MeasureType.CHOL}" />
    </annotation>
  </item>
  <item name="com.linktop.MonitorDataTransmission void bind(java.lang.String, android.content.Context, com.linktop.MonitorDataTransmission.OnServiceBindListener) 0">
    <annotation name="androidx.annotation.StringDef">
      <val name="value" val="{com.linktop.DeviceType.HealthMonitor, com.linktop.DeviceType.Thermometer}" />
    </annotation>
  </item>
  <item name="com.linktop.MonitorDataTransmission void setTestPaper(int, com.linktop.constant.TestPaper) 0">
    <annotation name="androidx.annotation.IntDef">
      <val name="value" val="{com.linktop.whealthService.MeasureType.BP, com.linktop.whealthService.MeasureType.BT, com.linktop.whealthService.MeasureType.BG, com.linktop.whealthService.MeasureType.SPO2, com.linktop.whealthService.MeasureType.ECG, com.linktop.whealthService.MeasureType.HRV, com.linktop.whealthService.MeasureType.UA, com.linktop.whealthService.MeasureType.CHOL}" />
    </annotation>
  </item>
  <item name="com.linktop.MonitorDataTransmission void startMeasure(int, com.linktop.constant.Pair...) 0">
    <annotation name="androidx.annotation.IntDef">
      <val name="value" val="{com.linktop.whealthService.MeasureType.BP, com.linktop.whealthService.MeasureType.BT, com.linktop.whealthService.MeasureType.BG, com.linktop.whealthService.MeasureType.SPO2, com.linktop.whealthService.MeasureType.ECG, com.linktop.whealthService.MeasureType.HRV, com.linktop.whealthService.MeasureType.UA, com.linktop.whealthService.MeasureType.CHOL}" />
    </annotation>
  </item>
  <item name="com.linktop.MonitorDataTransmission void stopMeasure(int) 0">
    <annotation name="androidx.annotation.IntDef">
      <val name="value" val="{com.linktop.whealthService.MeasureType.BP, com.linktop.whealthService.MeasureType.BT, com.linktop.whealthService.MeasureType.BG, com.linktop.whealthService.MeasureType.SPO2, com.linktop.whealthService.MeasureType.ECG, com.linktop.whealthService.MeasureType.HRV, com.linktop.whealthService.MeasureType.UA, com.linktop.whealthService.MeasureType.CHOL}" />
    </annotation>
  </item>
  <item name="com.linktop.MonitorDataTransmission.IllegalDeviceTypeException IllegalDeviceTypeException(java.lang.String) 0">
    <annotation name="androidx.annotation.StringDef">
      <val name="value" val="{com.linktop.DeviceType.HealthMonitor, com.linktop.DeviceType.Thermometer}" />
    </annotation>
  </item>
  <item name="com.linktop.MonitorDataTransmissionManager void bind(java.lang.String, android.content.Context, com.linktop.MonitorDataTransmission.OnServiceBindListener) 0">
    <annotation name="androidx.annotation.StringDef">
      <val name="value" val="{com.linktop.DeviceType.HealthMonitor, com.linktop.DeviceType.Thermometer}" />
    </annotation>
  </item>
  <item name="com.linktop.MonitorDataTransmissionManager void setOnTestPaperResultListener(int, com.linktop.infs.OnTestPaperResultListener) 0">
    <annotation name="androidx.annotation.IntDef">
      <val name="value" val="{com.linktop.whealthService.MeasureType.BP, com.linktop.whealthService.MeasureType.BT, com.linktop.whealthService.MeasureType.BG, com.linktop.whealthService.MeasureType.SPO2, com.linktop.whealthService.MeasureType.ECG, com.linktop.whealthService.MeasureType.HRV, com.linktop.whealthService.MeasureType.UA, com.linktop.whealthService.MeasureType.CHOL}" />
    </annotation>
  </item>
  <item name="com.linktop.MonitorDataTransmissionManager void setTestPaper(int, com.linktop.constant.TestPaper) 0">
    <annotation name="androidx.annotation.IntDef">
      <val name="value" val="{com.linktop.whealthService.MeasureType.BP, com.linktop.whealthService.MeasureType.BT, com.linktop.whealthService.MeasureType.BG, com.linktop.whealthService.MeasureType.SPO2, com.linktop.whealthService.MeasureType.ECG, com.linktop.whealthService.MeasureType.HRV, com.linktop.whealthService.MeasureType.UA, com.linktop.whealthService.MeasureType.CHOL}" />
    </annotation>
  </item>
  <item name="com.linktop.MonitorDataTransmissionManager void startMeasure(int, com.linktop.constant.Pair...) 0">
    <annotation name="androidx.annotation.IntDef">
      <val name="value" val="{com.linktop.whealthService.MeasureType.BP, com.linktop.whealthService.MeasureType.BT, com.linktop.whealthService.MeasureType.BG, com.linktop.whealthService.MeasureType.SPO2, com.linktop.whealthService.MeasureType.ECG, com.linktop.whealthService.MeasureType.HRV, com.linktop.whealthService.MeasureType.UA, com.linktop.whealthService.MeasureType.CHOL}" />
    </annotation>
  </item>
  <item name="com.linktop.MonitorDataTransmissionManager void stopMeasure(int) 0">
    <annotation name="androidx.annotation.IntDef">
      <val name="value" val="{com.linktop.whealthService.MeasureType.BP, com.linktop.whealthService.MeasureType.BT, com.linktop.whealthService.MeasureType.BG, com.linktop.whealthService.MeasureType.SPO2, com.linktop.whealthService.MeasureType.ECG, com.linktop.whealthService.MeasureType.HRV, com.linktop.whealthService.MeasureType.UA, com.linktop.whealthService.MeasureType.CHOL}" />
    </annotation>
  </item>
</root>

