<?xml version="1.0" encoding="UTF-8"?>
<root>
  <item name="com.linktop.whealthService.task.EcgTask void init(int...) 0">
    <annotation name="androidx.annotation.IntDef">
      <val name="value" val="{com.linktop.constant.Constants.ECG_KEY_HEART_AGE, com.linktop.constant.Constants.ECG_KEY_HEART_RATE, com.linktop.constant.Constants.ECG_KEY_HRV, com.linktop.constant.Constants.ECG_KEY_HRV_FD, com.linktop.constant.Constants.ECG_KEY_HRV_TD, com.linktop.constant.Constants.ECG_KEY_MOOD, com.linktop.constant.Constants.ECG_KEY_RESPIRATORY_RATE, com.linktop.constant.Constants.ECG_KEY_SMOOTH, com.linktop.constant.Constants.ECG_KEY_STRESS}" />
    </annotation>
  </item>
  <item name="com.linktop.whealthService.task.FingerDetectorPPG FingerDetectorPPG(int, android.os.Handler) 0">
    <annotation name="androidx.annotation.IntDef">
      <val name="value" val="{com.linktop.constant.Constants.SAMPLING_RATE_125_HZ, com.linktop.constant.Constants.SAMPLING_RATE_250_HZ, com.linktop.constant.Constants.SAMPLING_RATE_500_HZ}" />
    </annotation>
  </item>
  <item name="com.linktop.whealthService.task.OxTask int getSamplingRate()">
    <annotation name="androidx.annotation.IntDef">
      <val name="value" val="{com.linktop.constant.Constants.SAMPLING_RATE_125_HZ, com.linktop.constant.Constants.SAMPLING_RATE_250_HZ, com.linktop.constant.Constants.SAMPLING_RATE_500_HZ}" />
    </annotation>
  </item>
  <item name="com.linktop.whealthService.task.OxTask samplingRate">
    <annotation name="androidx.annotation.IntDef">
      <val name="value" val="{com.linktop.constant.Constants.SAMPLING_RATE_125_HZ, com.linktop.constant.Constants.SAMPLING_RATE_250_HZ, com.linktop.constant.Constants.SAMPLING_RATE_500_HZ}" />
    </annotation>
  </item>
  <item name="com.linktop.whealthService.task.TestPaperTask void setTestPaper(int, com.linktop.constant.TestPaper) 0">
    <annotation name="androidx.annotation.IntDef">
      <val name="value" val="{com.linktop.whealthService.MeasureType.BP, com.linktop.whealthService.MeasureType.BT, com.linktop.whealthService.MeasureType.BG, com.linktop.whealthService.MeasureType.SPO2, com.linktop.whealthService.MeasureType.ECG, com.linktop.whealthService.MeasureType.HRV, com.linktop.whealthService.MeasureType.UA, com.linktop.whealthService.MeasureType.CHOL}" />
    </annotation>
  </item>
  <item name="com.linktop.whealthService.task.TestPaperTask void setTestPaperResultListener(int, com.linktop.infs.OnTestPaperResultListener) 0">
    <annotation name="androidx.annotation.IntDef">
      <val name="value" val="{com.linktop.whealthService.MeasureType.BP, com.linktop.whealthService.MeasureType.BT, com.linktop.whealthService.MeasureType.BG, com.linktop.whealthService.MeasureType.SPO2, com.linktop.whealthService.MeasureType.ECG, com.linktop.whealthService.MeasureType.HRV, com.linktop.whealthService.MeasureType.UA, com.linktop.whealthService.MeasureType.CHOL}" />
    </annotation>
  </item>
  <item name="com.linktop.whealthService.task.TestPaperTask void start(int) 0">
    <annotation name="androidx.annotation.IntDef">
      <val name="value" val="{com.linktop.whealthService.MeasureType.BP, com.linktop.whealthService.MeasureType.BT, com.linktop.whealthService.MeasureType.BG, com.linktop.whealthService.MeasureType.SPO2, com.linktop.whealthService.MeasureType.ECG, com.linktop.whealthService.MeasureType.HRV, com.linktop.whealthService.MeasureType.UA, com.linktop.whealthService.MeasureType.CHOL}" />
    </annotation>
  </item>
</root>

