<?xml version="1.0" encoding="UTF-8"?>
<root>
  <item name="com.linktop.infs.OnDeviceVersionListener void onDeviceVersion(int, java.lang.String) 0">
    <annotation name="androidx.annotation.IntDef">
      <val name="value" val="{com.linktop.constant.WareType.VER_FIRMWARE, com.linktop.constant.WareType.VER_HARDWARE, com.linktop.constant.WareType.VER_SOFTWARE}" />
    </annotation>
  </item>
  <item name="com.linktop.infs.OnEcgResultListener void onECGValues(int, int) 0">
    <annotation name="androidx.annotation.IntDef">
      <val name="value" val="{com.linktop.constant.Constants.ECG_KEY_HEART_AGE, com.linktop.constant.Constants.ECG_KEY_HEART_BEAT, com.linktop.constant.Constants.ECG_KEY_HEART_RATE, com.linktop.constant.Constants.ECG_KEY_HRV, com.linktop.constant.Constants.ECG_KEY_MOOD, com.linktop.constant.Constants.ECG_KEY_RESPIRATORY_RATE, com.linktop.constant.Constants.ECG_KEY_R2R, com.linktop.constant.Constants.ECG_KEY_ROBUST_HR, com.linktop.constant.Constants.ECG_KEY_STRESS}" />
    </annotation>
  </item>
  <item name="com.linktop.infs.OnEcgResultListener void onSignalQuality(int) 0">
    <annotation name="androidx.annotation.IntDef">
      <val name="value" val="{com.linktop.constant.Constants.ECG_SQ_GOOD, com.linktop.constant.Constants.ECG_SQ_MEDIUM, com.linktop.constant.Constants.ECG_SQ_POOR, com.linktop.constant.Constants.ECG_SQ_NOT_DETECTED}" />
    </annotation>
  </item>
</root>

